"번호","개방서비스명","개방서비스아이디","개방자치단체코드","관리번호","인허가일자","인허가취소일자","영업상태구분코드","영업상태명","상세영업상태코드","상세영업상태명","폐업일자","휴업시작일자","휴업종료일자","재개업일자","소재지전화","소재지면적","소재지우편번호","소재지전체주소","도로명전체주소","도로명우편번호","사업장명","최종수정시점","데이터갱신구분","데이터갱신일자","업태구분명","좌표정보(x)","좌표정보(y)","문화체육업종명","문화사업자구분명","지역구분명","총층수","주변환경명","제작취급품목내용","보험기관명","건물용도명","지상층수","지하층수","객실수","건축연면적","영문상호명","영문상호주소","선박총톤수","선박척수","선박제원","무대면적","좌석수","기념품종류","회의실별동시수용인원","시설면적","놀이기구수내역","놀이시설수","방송시설유무","발전시설유무","의무실유무","안내소유무","기획여행보험시작일자","기획여행보험종료일자","자본금","보험시작일자","보험종료일자","부대시설내역","시설규모","사업자등록번호",
"1","종합여행업","03_12_03_P","4490000","CDFI2260042015000002","2015-08-21","","03","폐업","03","폐업","2016-07-30","","","","0415646888","","","충청남도 천안시 동남구 대흥동 4-14번지","충청남도 천안시 동남구 대흥로 270 (대흥동)","31128","주식회사 세민투어","2017-03-08 09:48:30","I","2018-08-31 23:59:59","","213228.659425858","367838.584186616","종합여행업","","상업지역","5","","","충남관광협회","근린생활시설","5","1","0","0","Semin Tour Co. Ltd","General Travel Business","0","0","","0","0","","0","72","","0","","","","","","","200000000","20151002","20161002","","72","",
"2","종합여행업","03_12_03_P","4490000","CDFI2260042009000001","2009-01-02","","03","폐업","03","폐업","2009-10-23","","","","041-554-8877","","331-230","충청남도 천안시 서북구 불당동 705번지 아선프라자 701호","","","(주)동화나라리조트천공엔지니어링","2009-10-23 15:22:33","I","2018-08-31 23:59:59","","209764.17872252","367772.382764766","종합여행업","","근린상업지역","11","결혼예식장주변","","","근린생활시설","9","2","0","0","","","0","0","","0","0","","0","171.96","","0","","","","","","","350000000","","","","172","",
"3","종합여행업","03_12_03_P","4490000","CDFI2260042009000002","2009-02-04","","03","폐업","03","폐업","2009-11-23","","","","041-589-0893","","331-816","충청남도 천안시 서북구 직산읍 삼은리 511번지 충남테크노파크 영상미디어센타 연구동 315","충청남도 천안시 서북구 직산읍 직산로 136  (충남테크노파크 영상미디어센타 연구동 315)","","(주)드림픽쳐스21","2009-11-23 10:40:30","I","2018-08-31 23:59:59","","214061.931394107","375804.12427938","종합여행업","","일반공업지역","7","기타","","","사무실","6","1","0","0","","","0","0","","0","0","","0","297.45","","0","","","","","","","350000000","","","","297","",
"4","종합여행업","03_12_03_P","4490000","CDFI2260042014000002","2014-11-13","","03","폐업","03","폐업","2017-08-31","","","","","","331-959","충청남도 천안시 서북구 두정동 863번지","충청남도 천안시 서북구 원두정3길 20 (두정동)","31107","강남국제여행사(주)","2017-09-01 17:38:35","I","2018-08-31 23:59:59","","212190.244678958","370071.49622567","종합여행업","","일반주거지역","4","기타","","","근린생활시설","0","0","0","0","","","0","0","","0","0","","0","6","","0","","","","","","","200000000","","","","6","",
"5","종합여행업","03_12_03_P","4490000","CDFI2260042015000001","2015-05-27","","03","폐업","03","폐업","2019-12-13","","","","1566-2201","","","충청남도 천안시 서북구 불당동 1480번지","충청남도 천안시 서북구 불당25로 226, 골든스퀘어2 712~715호 (불당동)","31156","주식회사 스타패밀리","2019-12-13 09:59:51","U","2019-12-15 02:40:00","","209736.245103466","368877.753530465","종합여행업","","일반상업지역","8","기타","","한국관광협회중앙회 여행공제회","근린생활시설","7","1","0","0","","","0","0","","0","0","","0","74","","0","","","","","","","200000000","20180411","20190410","","74","",
"6","종합여행업","03_12_03_P","4490000","CDFI2260042016000001","2016-04-20","","03","폐업","03","폐업","2021-05-01","","","","","","","충청남도 천안시 서북구 성정동 196-16 성정빌딩 320호","충청남도 천안시 서북구 봉정로 116, 성정빌딩 320호 (성정동)","31145","(주) 매튼","2021-06-02 11:25:13","U","2021-06-04 02:40:00","","212562.352738979","367886.908023614","종합여행업","","","0","","","서울보증보험","","0","0","0","0","","","0","0","","0","0","","0","0","","0","","","","","","","200000000","20200502","20210501","","0","",
"7","종합여행업","03_12_03_P","4490000","CDFI2260042018000001","2018-06-19","","03","폐업","03","폐업","2020-11-04","","","","0415795510","","","충청남도 천안시 서북구 쌍용동 1420","충청남도 천안시 서북구 쌍용13길 18-8, 201호 (쌍용동)","31172","(주)순달투어","2020-11-04 20:55:56","U","2020-11-06 02:40:00","","210558.944832457","366512.076783884","종합여행업","","","0","","","서울보증보험","","0","0","0","0","","","0","0","","0","0","","0","0","","0","","","","","","","100000000","20190621","20200620","","0","",
"8","종합여행업","03_12_03_P","4490000","CDFI2260042019000001","2018-06-22","","03","폐업","03","폐업","2022-06-27","","","","041-576-4040","","","충청남도 천안시 서북구 쌍용동 308-48","충청남도 천안시 서북구 미라16길 12, 101호 (쌍용동)","31167","효자손","2022-06-24 16:05:02","U","2022-06-26 02:40:00","","211294.673499226","367406.366137633","종합여행업","","","0","","","서울보증보험(주)","단독주택","0","0","0","0","JOY GLOBAL","General travel business","0","0","","0","0","","0","0","","0","","","","","","","130000000","20190625","20200624","","0","",
"9","종합여행업","03_12_03_P","4490000","CDFI2260042022000001","2022-01-20","","03","폐업","03","폐업","2023-11-28","","","","","","","충청남도 천안시 서북구 성환읍 성환리 653-4","충청남도 천안시 서북구 성환읍 성환1로 318","31013","주식회사 케이엔케이코퍼레이션스","2023-11-29 10:49:16","U","2023-12-01 02:40:00","","211312.783613212","380182.284375158","종합여행업","","일반주거지역","0","","","서울보증보험주식회사","근린생활시설","1","0","0","0","","","0","0","","0","0","","0","82.5","","0","","","","","","","100000000","20220124","20230123","","83","",
"10","종합여행업","03_12_03_P","4490000","CDFI2260042011000001","2011-04-05","","01","영업/정상","13","영업중","","","","","041-523-5800","","330-160","충청남도 천안시 동남구 신부동 53-2","충청남도 천안시 동남구 천안대로 802 (신부동)","31067","그레이하운드(주)","2024-04-16 10:35:56","U","2024-04-18 02:40:00","","214689.347081567","368672.679173698","종합여행업","","","0","","","한국관광협회중앙회 여행공제회","","0","0","0","0","","","0","0","","0","0","","0","0","","0","","","","","","","300000000","20240425","20250425","","0","",
"11","종합여행업","03_12_03_P","4490000","CDFI2260042014000001","2014-07-04","","01","영업/정상","13","영업중","","","","","041-567-4369","","","충청남도 천안시 서북구 불당동 757번지 단지상가 107호","충청남도 천안시 서북구 불당17길 14, 107호 (불당동, 불당아이파크)","31163","(주)코신","2019-10-24 16:14:42","U","2019-10-26 02:40:00","","209681.467185309","367464.923988615","종합여행업","","","4","","","서울보증보험","","4","0","0","0","","","0","0","","0","0","","0","25","","0","","","","","","","230000000","20191024","20201023","","25","",
"12","종합여행업","03_12_03_P","4490000","CDFI2260042016000002","2015-11-18","","01","영업/정상","13","영업중","","","","","070-4009-3530","","","충청남도 천안시 서북구 두정동 555","충청남도 천안시 서북구 오성1길 25, 202호 (두정동)","31090","주식회사 글로벌비엔","2023-11-26 16:30:38","U","2023-11-28 02:40:00","","211327.28392444","370156.552459099","종합여행업","","","0","","","서울보증보험","","0","0","0","0","Global BN co., LTD","General travel business","0","0","","0","0","","0","0","","0","","","","","","","200000000","20231201","20241130","","0","",
"13","종합여행업","03_12_03_P","4490000","CDFI2260042017000001","2017-02-06","","01","영업/정상","13","영업중","","","","","","","","충청남도 천안시 서북구 불당동 1534 110호","충청남도 천안시 서북구 불당25로 176, 1층 110호 (불당동)","31156","(주)에스제이투어","2020-11-03 19:53:26","U","2020-11-05 02:40:00","","209665.080510471","368317.230536408","종합여행업","","","0","","","서울보증보험","","0","0","0","0","SJ TOUR Co.,Ltd","General Travel","0","0","","0","0","","0","0","","0","","","","","","","100000000","20200306","20210305","","0","",
"14","종합여행업","03_12_03_P","4490000","CDFI2260042017000002","2017-05-15","","01","영업/정상","13","영업중","","","","","07050800029","","","충청남도 천안시 동남구 원성동 471-5번지 105호","충청남도 천안시 동남구 원성14길 9-1, 105호 (원성동)","31126","(주)세종항공","2019-09-03 20:27:11","U","2019-09-05 02:40:00","","214161.796376276","367437.888066968","종합여행업","","","0","","","서울보증보험","","0","0","0","0","","","0","0","","0","0","","0","0","","0","","","","","","","200000000","20190621","20200620","","0","",
"15","종합여행업","03_12_03_P","4490000","CDFI2260042017000003","2017-05-26","","01","영업/정상","13","영업중","","","","","0415545122","","","충청남도 천안시 동남구 대흥동 95","충청남도 천안시 동남구 버들로 4 (대흥동)","31129","(주)에이스항공여행사","2023-11-26 16:29:52","U","2023-11-28 02:40:00","","213175.689112058","367525.229828815","종합여행업","","","0","","","관광공제회","","0","0","0","0","Ace Airline Travel service Co., Ltd.","general travel services","0","0","","0","0","","0","0","","0","","","","","","","150000000","20231031","20241031","","0","",
"16","종합여행업","03_12_03_P","4490000","CDFI2260042018000002","2018-07-03","","01","영업/정상","13","영업중","","","","","041-906-8879","","","충청남도 천안시 서북구 백석동 1206 천안 미래에이스하이테크시티 SB111호","충청남도 천안시 서북구 백석공단1로 10, 천안 미래에이스하이테크시티 SB111호 (백석동)","31094","(주)쉘위고","2021-08-11 11:18:20","U","2021-08-13 02:40:00","","209836.948532429","369163.488562318","종합여행업","","","0","","","서울보증보험","","0","0","0","0","","","0","0","","0","0","","0","0","","0","","","","","","","100000000","20190710","20200709","","0","",
"17","종합여행업","03_12_03_P","4490000","CDFI2260042023000007","2023-08-03","","01","영업/정상","13","영업중","","","","","","","","충청남도 천안시 서북구 두정동 550","충청남도 천안시 서북구 오성9길 10, 1층 (두정동)","31090","(주)코오롱관광","2023-09-01 16:21:45","U","2023-09-03 02:40:00","","211373.956013087","370213.724225327","종합여행업","","일반주거지역","5","주택가주변","","서울보증보험","교육연구시설","5","0","0","0","","","0","0","","0","0","","0","398.8","","0","","","","","","","50000000","20230801","20240731","","399","",
"18","종합여행업","03_12_03_P","4490000","CDFI2260042023000008","2023-08-16","","01","영업/정상","13","영업중","","","","","1811-8217","","","충청남도 천안시 서북구 불당동 1530","충청남도 천안시 서북구 불당23로 70, 정우프라자 7층 701.702.헬로우워크H18호 (불당동)","31156","흰여울에듀투어","2023-11-26 16:05:11","U","2023-11-28 02:40:00","","209637.153596096","368474.11277207","종합여행업","","일반상업지역","10","아파트지역","","서울보증보험","의료시설","8","2","0","0","","","0","0","","0","0","","0","5.5","","0","","","","","","","50512352","20230901","20240831","","6","",
"19","종합여행업","03_12_03_P","4490000","CDFI2260042023000006","2023-06-19","","01","영업/정상","13","영업중","","","","","1668-1288","","","충청남도 천안시 동남구 신부동 489-1","충청남도 천안시 동남구 신부12길 19, 201호 (신부동)","31124","(주)여행아놀자","2024-07-06 12:35:49","U","2024-07-08 02:40:00","","214231.247956309","368563.891273545","종합여행업","","일반상업지역","12","기타","","서울보증보험","근린생활시설","7","5","0","0","","","0","0","","0","0","","0","618.54","","0","","","","","","","50000000","20230619","20240618","","619","",
"20","종합여행업","03_12_03_P","4490000","CDFI2260042019000002","2019-11-21","","01","영업/정상","13","영업중","","","","","041-523-2002","","","충청남도 천안시 서북구 불당동 1534","충청남도 천안시 서북구 불당25로 176, 율곡스퀘어더에이스1 3층 306호 (불당동)","31156","글로벌비즈여행사","2023-11-29 10:19:02","U","2023-12-01 02:40:00","","209665.080510471","368317.230536408","종합여행업","","","0","","","서울보증보험","","0","0","0","0","","","0","0","","0","0","","0","0","","0","","","","","","","100000000","20231201","20241130","","0","",
"21","종합여행업","03_12_03_P","4490000","CDFI2260042022000002","2022-03-21","","01","영업/정상","13","영업중","","","","","","","","충청남도 천안시 동남구 구성동 472-2","충청남도 천안시 동남구 구성12길 9, 1동 1층 101호 (구성동)","31192","주식회사 구공","2022-06-17 16:36:18","U","2022-06-19 02:40:00","","214260.06212172","366114.461674099","종합여행업","","","2","","","서울보증보험주식회사","사무실","1","1","0","0","","","0","0","","0","0","","0","19.57","","0","","","","","","","50000000","20220323","20230322","","20","",
"22","종합여행업","03_12_03_P","4490000","CDFI2260042024000004","2024-06-26","","01","영업/정상","13","영업중","","","","","041-576-6622","","","충청남도 천안시 서북구 성정동 193-27 광명당","충청남도 천안시 서북구 봉정로 128, 1층 (성정동)","31145","코리나여행사","2024-06-26 13:10:39","I","2024-06-29 00:14:02","","212576.939620281","368002.44692798","종합여행업","","","4","기타","","","근린생활시설","3","1","0","0","","","0","0","","0","0","","0","38.4","","0","","","","","","","50000000","","","","38","",
"23","종합여행업","03_12_03_P","4490000","CDFI2260042024000005","2024-07-16","","01","영업/정상","13","영업중","","","","","041-566-5725","","","충청남도 천안시 동남구 신부동 367-10","충청남도 천안시 동남구 중앙로 225, 103호 (신부동)","31122","365일 여행사","2024-07-18 10:57:03","U","2024-07-20 02:40:00","","213500.095971599","368549.223564817","종합여행업","","","3","","","한국관광협회중앙회 관광공제회","근린생활시설","0","0","0","0","","","0","0","","0","0","","0","45","","0","","","","","","","50000000","20240717","20250717","","45","",
"24","종합여행업","03_12_03_P","4490000","CDFI2260042020000001","2020-02-26","","01","영업/정상","13","영업중","","","","","041-555-1201","","","충청남도 천안시 동남구 대흥동 62-9번지","충청남도 천안시 동남구 버들로 1-5 (대흥동)","31128","플래닛 트래블","2020-04-17 10:42:17","U","2020-04-19 02:40:00","","213179.719196068","367569.351817196","종합여행업","","","0","","","서울보증보험","","0","0","0","0","","","0","0","","0","0","","0","0","","0","","","","","","","100000000","20200226","20210225","","0","",
"25","종합여행업","03_12_03_P","4490000","CDFI2260042023000005","2023-04-19","","01","영업/정상","13","영업중","","","","","","","","충청남도 천안시 서북구 두정동 1612 두정프라자","충청남도 천안시 서북구 두정역서5길 4, 두정프라자 403-462호 (두정동)","31103","(주)세계여행사","2023-11-26 15:55:40","U","2023-11-28 02:40:00","","212943.812984848","370688.513671543","종합여행업","","일반주거지역","5","학교정화(상대)","","SGI 서울보증보험","근린생활시설","4","1","0","0","","","0","0","","0","0","","0","298.64","","0","","","","","","","50000000","20230425","20250424","","299","",
"26","종합여행업","03_12_03_P","4490000","CDFI2260042024000002","2024-04-24","","01","영업/정상","13","영업중","","","","","041-569-4523","","","충청남도 천안시 서북구 성정동 196-16 성정빌딩","충청남도 천안시 서북구 봉정로 116, 351호 (성정동)","31145","주식회사 제코리아","2024-06-29 19:28:48","U","2024-07-01 02:40:00","","212562.352738979","367886.908023614","종합여행업","","일반상업지역","5","주택가주변","","서울보증보험","근린생활시설","4","1","0","0","","","0","0","","0","0","","0","10","","0","","","","","","","50000000","20240424","20250423","","10","",
"27","종합여행업","03_12_03_P","4490000","CDFI2260042024000003","2024-05-01","","01","영업/정상","13","영업중","","","","","041-565-9920","","","충청남도 천안시 서북구 쌍용동 1337","충청남도 천안시 서북구 쌍용8길 17-3, 103호 (쌍용동)","31166","주식회사 코브","2024-05-01 17:55:14","I","2024-05-03 00:14:49","","210773.775","366727.73","종합여행업","","일반주거지역","2","주택가주변","","","근린생활시설","1","1","0","0","","","0","0","","0","0","","0","48.37","","0","","","","","","","50000000","","","","48","",
"28","종합여행업","03_12_03_P","4490000","CDFI2260042023000002","2023-03-02","","01","영업/정상","13","영업중","","","","","","","","충청남도 천안시 서북구 백석동 1049","충청남도 천안시 서북구 한들1로 184, 천안마치에비뉴3 1동 138호 (백석동)","31087","주식회사 뉴엔","2023-11-29 21:37:23","U","2023-12-01 02:40:00","","210688.781651584","370806.700438195","종합여행업","","준주거지역","3","기타","","서울보증보험","근린생활시설","2","1","0","0","","","0","0","","0","0","","0","46.64","","0","","","","","","","50000000","20230314","20240312","","47","",
"29","종합여행업","03_12_03_P","4490000","CDFI2260042023000004","2023-03-31","","01","영업/정상","13","영업중","","","","","","","","충청남도 천안시 서북구 성환읍 성환리 449-5 (주)대승","충청남도 천안시 서북구 성환읍 성환1로 264 (주)대승 2층","31014","신우여행사","2023-04-03 10:04:42","U","2023-04-05 02:40:00","","211395.48794014","379663.520757861","종합여행업","","일반주거지역","3","기타","","서울보증","근린생활시설","3","0","0","0","","","0","0","","0","0","","0","170.4","","0","","","","","","","50962080","20230331","20240330","","170","",
"30","종합여행업","03_12_03_P","4490000","CDFI2260042023000003","2023-03-10","","01","영업/정상","13","영업중","","","","","","","","충청남도 천안시 서북구 두정동 1110 노블","충청남도 천안시 서북구 두정중3길 27, 노블 2층 H12호 (두정동)","31101","스페이스투어","2023-11-26 15:52:53","U","2023-11-28 02:40:00","","212526.482799737","370750.226216418","종합여행업","","일반주거지역","5","기타","","SGI 서울보증보험","근린생활시설","5","0","0","0","","","0","0","","0","0","","0","6.1","","0","","","","","","","55155856","20230313","20240312","","6","",
"31","종합여행업","03_12_03_P","4490000","CDFI2260042023000001","2023-02-13","","01","영업/정상","13","영업중","","","","","1577-3287","","","충청남도 천안시 서북구 불당동 1492 천안불당파크푸르지오1단지","충청남도 천안시 서북구 불당26로 144, 7동 204호 (불당동, 천안불당파크푸르지오1단지)","31156","주식회사 충청레저앤여행","2023-11-28 14:19:55","U","2023-11-30 02:40:00","","209610.700324802","368847.902359092","종합여행업","","주거지역","0","","","서울보증보험","","0","0","0","0","","","0","0","","0","0","","0","0","","0","","","","","","","50000000","20230301","20240229","","0","",
"32","종합여행업","03_12_03_P","4490000","CDFI2260042024000001","2024-01-08","","01","영업/정상","13","영업중","","","","","041-561-1598","","","충청남도 천안시 동남구 구룡동 1 중부화물터미널","충청남도 천안시 동남구 청당산업길 33, 중부화물터미널 309호 (구룡동)","31212","서풍L&T","2024-01-08 18:03:40","I","2024-01-10 00:16:42","","214569.301691146","362765.99279101","종합여행업","","자연녹지지역","4","기타","","","운수시설","3","1","0","0","","","0","0","","0","0","","0","53.55","","0","","","","","","","50000000","","","","54","",
"33","종합여행업","03_12_03_P","4490000","CDFI2260042021000001","2016-02-26","","01","영업/정상","13","영업중","","","","","","","","충청남도 천안시 서북구 두정동 1612 두정프라자","충청남도 천안시 서북구 두정역서5길 4, 두정프라자 403호 (두정동)","31103","(주)케이펙한국산업교육센터","2022-11-21 10:32:50","U","2022-11-23 02:40:00","","212943.812984848","370688.513671543","종합여행업","","관리지역","0","","","서울보증보험(주)","교육연구시설","0","0","0","0","KPEC Korea Productivity Education Center Co.,Ltd.","General travel business","0","0","","0","0","","0","54","","0","","","","","","","390000000","20220909","20230908","","54","",
"34","종합여행업","03_12_03_P","4490000","CDFI2260042022000004","2022-11-28","","01","영업/정상","13","영업중","","","","","","","","충청남도 천안시 서북구 두정동 1647","충청남도 천안시 서북구 두정역서3길 63, 103호 (두정동)","31103","광희여행사","2022-11-28 17:11:25","I","2022-11-30 00:39:55","","213138.808772006","370572.522393025","종합여행업","","일반주거지역","0","","","","근린생활시설","0","0","0","0","","","0","0","","0","0","","0","60.5","","0","","","","","","","55948160","","","","61","",
"35","종합여행업","03_12_03_P","4490000","CDFI2260042018000003","2018-10-22","","01","영업/정상","13","영업중","","","","","","","","충청남도 천안시 서북구 두정동 863 석정빌딩","충청남도 천안시 서북구 원두정3길 20, 석정빌딩 3층 312호 (두정동)","31107","(주)알앤이 국제인재개발원","2023-11-26 15:52:14","U","2023-11-28 02:40:00","","212190.244678958","370071.49622567","종합여행업","","","0","","","SGI 서울보증보험","","0","0","0","0","","","0","0","","0","0","","0","0","","0","","","","","","","100000000","20220902","20230901","","0","",
"36","종합여행업","03_12_03_P","4490000","CDFI2260042018000004","2018-11-22","","01","영업/정상","13","영업중","","","","","0416226161","","","충청남도 천안시 동남구 신부동 53-24","충청남도 천안시 동남구 천안대로 802, 홍익빌딩 3층 (신부동)","31067","아시아여행사(주)","2023-11-26 16:29:03","U","2023-11-28 02:40:00","","214645.156527794","368696.128120582","종합여행업","","","0","","","관광공제회","","0","0","0","0","","","0","0","","0","0","","0","0","","0","","","","","","","100000000","20231103","20241103","","0","",
"37","종합여행업","03_12_03_P","4490000","CDFI2260042023000010","2023-10-23","","01","영업/정상","13","영업중","","","","","041-578-6111","","","충청남도 천안시 서북구 성정동 729-5","충청남도 천안시 서북구 성정로 95, 107호 (성정동)","31141","라라여행사","2023-12-11 18:30:03","U","2023-12-13 02:40:00","","212478.952944741","368058.175243429","종합여행업","","준주거지역","2","주택가주변","","서울보증보험","근린생활시설","1","1","0","0","","","0","0","","0","0","","0","51.13","","0","","","","","","","60000000","20231201","20241130","","51","",
"38","종합여행업","03_12_03_P","4490000","CDFI2260042023000009","2022-05-18","","01","영업/정상","13","영업중","","","","","041-417-1013","","","충청남도 천안시 서북구 두정동 1612 두정프라자","충청남도 천안시 서북구 두정역서5길 4, 두정프라자 403호 (두정동)","31103","에스프레스토 주식회사","2023-11-26 16:11:21","U","2023-11-28 02:40:00","","212943.812984848","370688.513671543","종합여행업","","","0","","","서울보증보험","사무실","3","0","0","0","sPresto Co., Ltd.","General Travel Business","0","0","","0","0","","0","0","","0","","","","","","","58544400","20230725","20240724","","0","",
"39","종합여행업","03_12_03_P","4490000","CDFI2260042023000011","2023-11-27","","01","영업/정상","13","영업중","","","","","","","","충청남도 천안시 서북구 두정동 975-1 천안두정빌딩","충청남도 천안시 서북구 부성4길 3, 천안두정빌딩 2층 (두정동)","31100","엘에스케이","2023-12-11 16:23:20","U","2023-12-13 02:40:00","","211956.3491634","370302.834054995","종합여행업","","일반주거지역","5","기타","","서울보증보험","근린생활시설","5","0","0","0","","","0","0","","0","0","","0","136.12","","0","","","","","","","50000000","20231208","20241207","","136","",
"40","종합여행업","03_12_03_P","4500000","CDFI2260042013000001","2013-08-09","","03","폐업","03","폐업","2015-03-19","","","","","","314-240","충청남도 공주시 검상동 702-5번지","충청남도 공주시 공단길 6 (검상동)","314-240","(주)한남투어","2016-03-21 14:33:35","I","2018-08-31 23:59:59","","206674.287994884","325509.665563712","종합여행업","","","1","기타","","","근린생활시설","1","0","0","0","","","0","0","","0","0","","0","96","","0","","","","","","","300000000","","","","96","",
"41","종합여행업","03_12_03_P","4500000","CDFI2260042023000003","2017-11-29","","01","영업/정상","13","영업중","","","","","","","","충청남도 공주시 산성동 174-33","충청남도 공주시 산성시장5길 43-25, 2층 (산성동)","32539","(주)글로벌에듀","2023-08-04 15:39:18","I","2023-08-06 00:18:39","","211048.140243391","328682.804681117","종합여행업","","","0","","","서울보증보험주식회사","","0","0","0","0","GLOBALEDU CO., LTD","General Travel Agency","0","0","","0","0","","0","0","","0","","","","","","","100000000","20221129","20231128","","0","",
"42","종합여행업","03_12_03_P","4500000","CDFI2260042023000002","2023-07-28","","01","영업/정상","13","영업중","","","","","","","","충청남도 공주시 반죽동 245-2","충청남도 공주시 감영길 12 (반죽동)","32549","주식회사 퍼즐랩","2023-07-28 09:11:41","I","2023-07-30 00:18:45","","210912.065946488","327976.529097378","종합여행업","","일반주거지역","2","기타","","","기타","2","0","0","0","","","0","0","","0","0","","0","72.2","","0","","","","","","","50000000","","","","72","",
"43","종합여행업","03_12_03_P","4500000","CDFI2260042023000001","2023-06-21","","01","영업/정상","13","영업중","","","","","041-857-0071","","","충청남도 공주시 옥룡동 331-9","충청남도 공주시 우금티로 789, 1층 (옥룡동)","32561","(주)청솔해외관광","2023-06-21 09:53:11","I","2023-06-23 00:19:17","","211903.130432057","328264.752902749","종합여행업","","주거지역","4","기타","","","근린생활시설","4","0","0","0","","","0","0","","0","0","","0","81.44","","0","","","","","","","300000000","","","","81","",
"44","종합여행업","03_12_03_P","4500000","CDFI2260042020000001","2020-04-08","","01","영업/정상","13","영업중","","","","","","","","충청남도 공주시 금성동 177-1","충청남도 공주시 백미고을길 10-9, 3층 349호 (금성동)","32537","주식회사 골든레저","2023-12-17 11:00:48","U","2023-12-19 02:40:00","","210868.471129281","329456.027702423","종합여행업","","준주거지역","3","기타","","","근린생활시설","3","1","0","0","Golden Leisure","General Travel Business","0","0","","0","0","","0","3.3","","0","","","","","","","100000000","","","","3","",
"45","종합여행업","03_12_03_P","4500000","CDFI2260042021000001","2021-01-19","","01","영업/정상","13","영업중","","","","","","","","충청남도 공주시 봉황동 200-6","충청남도 공주시 큰샘1길 4-3, 2층 (봉황동)","32550","주식회사 오펀데이","2021-01-19 08:35:19","I","2021-01-21 00:23:03","","210709.859107552","327650.898207404","종합여행업","","일반주거지역","2","주택가주변","","","근린생활시설","2","0","0","0","","","0","0","","0","0","","0","62.73","","0","","","","","","","100000000","","","","63","",
"46","종합여행업","03_12_03_P","4510000","CDFI2260042014000001","2014-03-13","","03","폐업","03","폐업","2015-12-29","","","","041-936-1828","","355-932","충청남도 보령시 대천동 134-35번지 비동","충청남도 보령시 보령북로 86-6, 2층 (대천동)","33439","(주)하이케이티","2015-12-29 15:39:23","I","2018-08-31 23:59:59","","163742.017170175","316996.682037653","종합여행업","","근린상업지역","3","","","","사무실","2","0","0","0","","","0","0","","0","0","","0","115.42","","0","","","","","","","200000000","20140325","20150324","","115","",
"47","종합여행업","03_12_03_P","4510000","CDFI2260042016000001","2016-10-18","","03","폐업","03","폐업","2019-01-07","","","","","","","충청남도 보령시 웅천읍 대창리 720-3번지","충청남도 보령시 웅천읍 장터중앙길 150, 3층","33520","주식회사 쵸이스인터네셔널코리아","2019-01-08 08:49:03","U","2019-01-10 02:40:00","","163909.340475397","303780.526108279","종합여행업","","준주거지역","0","주택가주변","","","근린생활시설","0","0","0","0","Choice International Korea Co., Ltd.","","0","0","","0","0","","0","26.4","","0","","","","","","","100000000","20161018","20171017","","26","",
"48","종합여행업","03_12_03_P","4510000","CDFI2260042023000001","2023-06-01","","01","영업/정상","13","영업중","","","","","","","","충청남도 보령시 동대동 1690","충청남도 보령시 한내로 7, 4층 402호 (동대동)","33435","나비투어","2024-02-27 15:07:01","U","2024-02-29 02:40:00","","164483.312914442","316467.258125089","종합여행업","","주거지역","0","","","","","0","0","0","0","","","0","0","","0","0","","0","0","","0","","","","","","","0","","","","0","",
"49","종합여행업","03_12_03_P","4510000","CDFI2260042018000001","2018-10-31","","01","영업/정상","13","영업중","","","","","","","","충청남도 보령시 동대동 509-4","충청남도 보령시 매방아1길 11, 신관 1층 (동대동)","33433","(주)여행이야기","2021-04-20 18:01:36","U","2021-04-22 02:40:00","","164734.913176251","316335.796500653","종합여행업","","일반상업지역","2","기타","","서울보증보험","사무실","2","0","0","0","","","0","0","","0","0","","0","35.88","","0","","","","","","","200000000","20210424","20220423","","36","",
"50","종합여행업","03_12_03_P","4520000","CDFI2260042013000001","2012-07-25","","03","폐업","03","폐업","2019-12-31","","","","0415489091","","","충청남도 아산시 권곡동 553-16","충청남도 아산시 충무로 48 (권곡동)","31514","(주)투어리스트코리아","2021-06-18 16:28:51","U","2021-06-20 02:40:00","","200446.728861139","364891.931380025","종합여행업","","일반상업지역","5","","","한국관광협회중앙회","근린생활시설","4","1","0","0","Tourist Korea Co.,Ltd.","General Tourism Bussiness","0","0","","0","0","","0","225","","0","","","","","","","350000000","20181012","20191012","","225","",
"51","종합여행업","03_12_03_P","4520000","CDFI2260042016000002","2016-05-31","","03","폐업","03","폐업","2024-01-25","","","","","","","충청남도 아산시 배방읍 갈매리 405-8","충청남도 아산시 배방읍 갈매길39번길 40","31497","배방여행사","2024-01-25 16:59:27","U","2024-01-27 02:40:00","","207379.457108244","362234.856381753","종합여행업","","","0","","","서울보증보험(주)","근린생활시설","0","0","0","0","Baebang Tour","General travel business","0","0","","0","0","","0","66","","0","","","","","","","200000000","20180601","20190531","","66","",
"52","종합여행업","03_12_03_P","4520000","CDFI2260042018000001","2018-04-09","","03","폐업","03","폐업","2020-01-20","","","","","","","충청남도 아산시 온천동 87-5번지 피자헛","충청남도 아산시 온천대로 1502-3, 피자헛 2층 (온천동)","31514","여행메이커","2020-01-21 10:35:53","U","2020-01-23 02:40:00","","200353.036482849","364380.754829205","종합여행업","","","0","","","서울보증보험(주)","","0","0","0","0","Tour Maker","General travel business","0","0","","0","0","","0","0","","0","","","","","","","100000000","20180423","20190422","","0","",
"53","종합여행업","03_12_03_P","4520000","CDFI2260042018000002","2018-06-18","","03","폐업","03","폐업","2020-06-10","","","","","","","충청남도 아산시 음봉면 신수리 299-2번지","충청남도 아산시 음봉면 아산온천로243번길 68, 206호","31442","송 여행사","2020-06-10 15:55:54","U","2020-06-12 02:40:00","","198680.47829494","372828.98038552","종합여행업","","","0","","","한국여행업협회","","0","0","0","0","SONG TRAVEL SERVICE","General travel business","0","0","","0","0","","0","14","","0","","","","","","","103000000","20180618","20190617","","14","",
"54","종합여행업","03_12_03_P","4520000","CDFI2260042014000001","2014-07-04","","01","영업/정상","13","영업중","","","","","041-547-9300","","336-011","충청남도 아산시 온천동 1401-201번지","충청남도 아산시 시민로449번길 24 (온천동)","31508","자유국제여행사","2018-08-17 14:34:43","I","2018-08-31 23:59:59","","199859.792490473","365229.503132066","종합여행업","","상업지역","0","","","서울보증보험","근린생활시설","0","0","0","0","Freedom international Tour Co.,Ltd.","General travel business","0","0","","0","0","","0","231.9","","0","","","","","","","200000000","20180714","20190713","","232","",
"55","종합여행업","03_12_03_P","4520000","CDFI2260042015000001","2015-02-27","","01","영업/정상","13","영업중","","","","","041-567-7283","","336-857","충청남도 아산시 배방읍 장재리 1755번지","충청남도 아산시 배방읍 고속철대로 147, 8층 801호 (우성메디피아)","31470","(주)라비아","2018-09-27 09:25:26","U","2018-09-27 23:59:59","","209368.196517417","366233.883780475","종합여행업","","상업지역","0","","","서울보증","근린생활시설","8","0","0","0","Co.Ltd. Lavia","General travel business","0","0","","0","0","","0","16.8","","0","","","","","","","510000000","20180824","20190823","","17","",
"56","종합여행업","03_12_03_P","4520000","CDFI2260042016000003","2016-06-14","","01","영업/정상","13","영업중","","","","","","","","충청남도 아산시 배방읍 갈매리 509번지 배방자이1차아파트","충청남도 아산시 배방읍 호서로 458, 상가2동 101호 (배방자이1차아파트)","31495","(주)에너지메카","2019-07-03 09:44:21","U","2019-07-05 02:40:00","","207222.537253654","363232.686281022","종합여행업","","","0","","","서울보증보험(주)","사무실","0","0","0","0","Energy Mecca Co.,Ltd.","General travel business","0","0","","0","0","","0","0","","0","","","","","","","200000000","20190131","20200130","","0","",
"57","종합여행업","03_12_03_P","4520000","CDFI2260042019000001","2019-03-27","","01","영업/정상","13","영업중","","","","","","","","충청남도 아산시 온천동 1401번지","충청남도 아산시 시민로449번길 24, 2층 (온천동)","31508","(주)라이투어","2020-06-04 17:45:34","U","2020-06-09 02:40:00","","199859.792490473","365229.503132066","종합여행업","","일반상업지역","2","","","","근린생활시설","2","0","0","0","RYE Tour Co.","General travel business","0","0","","0","0","","0","67.5","","0","","","","","","","200000000","","","","68","",
"58","종합여행업","03_12_03_P","4520000","CDFI2260042023000002","2023-08-02","","01","영업/정상","13","영업중","","","","","","","","충청남도 아산시 용화동 913","충청남도 아산시 시민로208번길 23-5 (용화동)","31568","(주)굿모닝여행","2023-08-22 12:26:52","U","2023-08-24 02:40:00","","199557.663864764","362949.119103827","종합여행업","","","0","","","서울보증보험주식회사","근린생활시설","1","0","0","0","","","0","0","","0","0","","0","0","","0","","","","","","","50000000","20230802","20240801","","0","",
"59","종합여행업","03_12_03_P","4520000","CDFI2260042019000002","2019-05-07","","01","영업/정상","13","영업중","","","","","041-417-0014","","","충청남도 아산시 배방읍 공수리 67-31 충남 사회적경제 유통지원센타","충청남도 아산시 배방읍 모산로 158-15, 충남 사회적경제 유통지원센타","31484","충남따숨상사협동조합","2021-02-10 19:18:38","U","2021-02-12 02:40:00","","205289.730137564","363663.753586402","종합여행업","","준주거지역","2","","","","근린생활시설","2","0","0","0","Chungnam ddasumsangsa cooperative","General travel business","0","0","","0","0","","0","128.25","","0","","","","","","","119700000","","","","128","",
"60","종합여행업","03_12_03_P","4520000","CDFI2260042024000003","2022-12-01","","01","영업/정상","13","영업중","","","","","","","","충청남도 아산시 선장면 군덕리 50-1","충청남도 아산시 선장면 서부남로 48","31546","한베투어","2024-05-31 14:00:41","U","2024-06-02 02:40:00","","188011.91821975","365255.100870584","종합여행업","","","0","","","서울보증보험","","0","0","0","0","HANBE TOUR","Domestic and Overseas Travel Business","0","0","","0","0","","0","0","","0","","","","","","","0","20221214","20231213","","0","",
"61","종합여행업","03_12_03_P","4520000","CDFI2260042023000001","2023-02-08","","01","영업/정상","13","영업중","","","","","","","","충청남도 아산시 온천동 93-2","충청남도 아산시 시장남길 25-1, 3층 (온천동)","31513","주식회사 케이투어","2023-02-08 14:04:23","I","2023-02-10 00:40:52","","200228.953818196","364606.516497998","종합여행업","","","0","","","","","0","0","0","0","","","0","0","","0","0","","0","0","","0","","","","","","","50000000","","","","0","",
"62","종합여행업","03_12_03_P","4520000","CDFI2260042024000002","2024-01-29","","01","영업/정상","13","영업중","","","","","","","","충청남도 아산시 도고면 신언리 174-10","충청남도 아산시 도고면 아산만로 214","31550","사회적협동조합 온어스","2024-01-30 13:25:43","I","2024-02-01 00:16:07","","188101.748610982","362357.277307483","종합여행업","","","0","","","SGI서울보증","근린생활시설","0","0","0","0","","","0","0","","0","0","","0","0","","0","","","","","","","84153128","20240129","20250128","","0","",
"63","종합여행업","03_12_03_P","4520000","CDFI2260042024000001","2024-01-24","","01","영업/정상","13","영업중","","","","","","","","충청남도 아산시 용화동 1512 101호","충청남도 아산시 용화로12번길 16-8, 101호 (용화동)","31578","주식회사 산다고","2024-01-29 13:18:42","U","2024-01-31 02:40:00","","200935.173194536","363395.934011517","종합여행업","","","0","","","SGI서울보증","근린생활시설","0","0","0","0","","","0","0","","0","0","","0","0","","0","","","","","","","65770760","20240124","20250123","","0","",
"64","종합여행업","03_12_03_P","4520000","CDFI2260042021000001","2021-08-31","","01","영업/정상","13","영업중","","","","","","","","충청남도 아산시 둔포면 둔포리 420-6","충청남도 아산시 둔포면 둔포면로 8, 1층","31403","(주)서원국제여행사","2021-10-03 11:33:45","U","2021-10-05 02:40:00","","203215.372390895","380669.749308375","종합여행업","","일반상업지역","0","","","서울보증","근린생활시설","1","0","0","0","","","0","0","","0","0","","0","0","","0","","","","","","","100000000","20210902","20220901","","0","",
"65","종합여행업","03_12_03_P","4520000","CDFI2260042022000002","2022-09-21","","01","영업/정상","13","영업중","","","","","","","","충청남도 아산시 인주면 공세리 26-9","충청남도 아산시 인주면 공세길 87","31427","하이코리아투어","2022-09-21 10:13:55","I","2022-09-23 00:22:25","","192534.687277332","375503.789256561","종합여행업","","","0","","","","","0","0","0","0","","","0","0","","0","0","","0","0","","0","","","","","","","50000000","","","","0","",
"66","종합여행업","03_12_03_P","4520000","CDFI2260042022000001","2022-05-04","","01","영업/정상","13","영업중","","","","","","","","충청남도 아산시 배방읍 장재리 1339","충청남도 아산시 배방읍 용연동길70번길 1, 301호","31462","(주)와이에스컨셉","2022-05-04 20:32:51","I","2022-05-07 00:22:32","","208467.88820853","365735.478900084","종합여행업","","","0","","","","","0","0","0","0","","","0","0","","0","0","","0","0","","0","","","","","","","50000000","","","","0","",
"67","종합여행업","03_12_03_P","4530000","CDFI2260042015000001","2015-04-07","","03","폐업","03","폐업","2020-03-31","","","","041-666-2579","","","충청남도 서산시 동문동 896-2번지","충청남도 서산시 시장1로 4-6 (동문동)","31981","주식회사 포시탑여행사","2020-03-27 09:03:34","U","2020-03-29 02:40:00","","151322.695388118","364622.399292565","종합여행업","","근린상업지역","3","기타","","","사무실","3","1","0","0","","","0","0","","0","0","","0","97.66","","0","","","","","","","200000000","","","","98","",
"68","종합여행업","03_12_03_P","4530000","CDFI2260042016000001","2016-11-04","","03","폐업","03","폐업","2018-05-24","","","","","","","충청남도 서산시 동문동 257-3번지","충청남도 서산시 중앙로 102 (동문동)","31991","(주)은지투어","2018-05-24 18:37:58","I","2018-08-31 23:59:59","","151784.221706384","364138.23288126","종합여행업","","","0","","","","사무실","0","0","0","0","","","0","0","","0","0","","0","35","","0","","","","","","","150000000","","","","35","",
"69","종합여행업","03_12_03_P","4530000","CDFI2260042014000001","2014-07-01","","01","영업/정상","13","영업중","","","","","041-665-4818","","","충청남도 서산시 잠홍동 740-13","충청남도 서산시 청지천1길 25 (잠홍동)","32002","(합)백제관광","2022-03-03 17:23:57","U","2022-03-05 02:40:00","","152783.575012895","364379.832664115","종합여행업","","","2","","","","","2","0","0","0","","","0","0","","0","0","","0","72.84","","0","","","","","","","200000000","","","","73","",
"70","종합여행업","03_12_03_P","4530000","CDFI2260042022000001","2022-02-18","","01","영업/정상","13","영업중","","","","","041-669-9466","","","충청남도 서산시 읍내동 505-1","충청남도 서산시 안견로 15, 1층 102호 (읍내동)","31970","여행매니져","2022-02-18 13:03:26","I","2022-02-20 00:22:37","","150816.82431104","365082.124176007","종합여행업","","","1","","","","","0","0","0","0","","","0","0","","0","0","","0","0","","0","","","","","","","50000000","","","","0","",
"71","종합여행업","03_12_03_P","4530000","CDFI2260042024000001","2024-01-19","","01","영업/정상","13","영업중","","","","","","","","충청남도 서산시 예천동 1643","충청남도 서산시 예천9로 5-1, 4층 4102호 (예천동)","32005","(주)온투어","2024-01-19 09:48:39","I","2024-01-21 00:16:53","","150979.825618567","362958.103840334","종합여행업","","","0","","","","","0","0","0","0","","","0","0","","0","0","","0","0","","0","","","","","","","50000000","","","","0","",
"72","종합여행업","03_12_03_P","4530000","CDFI2260042023000001","2023-12-19","","01","영업/정상","13","영업중","","","","","","","","충청남도 서산시 동문동 308-1","충청남도 서산시 시장6로 32 (동문동)","31981","주식회사 서산여행사","2023-12-19 16:33:24","I","2023-12-21 00:17:03","","151554.420203085","364704.855956137","종합여행업","","","0","","","","","0","0","0","0","","","0","0","","0","0","","0","30","","0","","","","","","","100000000","","","","30","",
"73","종합여행업","03_12_03_P","4540000","CDFI2260042015000001","2014-09-23","","03","폐업","03","폐업","2020-08-19","","","","","","","충청남도 논산시 내동 73-5","충청남도 논산시 시민로 113, 2층 (내동)","32988","(주)세종항공여행사","2020-08-20 08:58:45","U","2020-08-22 02:40:00","","209086.848110861","297498.093022576","종합여행업","","","0","","","대전광역시관광협회","","0","0","0","0","","","0","0","","0","0","","0","75","","0","","","","","","","205000000","20180101","20181231","","75","",
"74","종합여행업","03_12_03_P","4540000","CDFI2260042018000001","2018-01-11","","01","영업/정상","13","영업중","","","","","","","","충청남도 논산시 반월동 92","충청남도 논산시 해월로167번길 8-5, 2층 (반월동)","32968","하나에듀글로벌","2022-06-08 10:29:01","U","2022-06-10 02:40:00","","207552.924684577","300604.406759564","종합여행업","","","0","","","","근린생활시설","0","0","0","0","","","0","0","","0","0","","0","0","","0","","","","","","","110000000","20191221","20201220","","0","",
"75","종합여행업","03_12_03_P","4540000","CDFI2260042018000002","2018-06-29","","01","영업/정상","13","영업중","","","","","","","","충청남도 논산시 내동 624번지 1층","충청남도 논산시 중앙로 206 (내동)","32985","(주)신세계여행사","2020-01-09 10:41:58","U","2020-01-11 02:40:00","","209168.874662056","298453.186600745","종합여행업","","","0","","","","","0","0","0","0","","","0","0","","0","0","","0","194.4","","0","","","","","","","100000000","20190701","20200630","","194","",
"76","종합여행업","03_12_03_P","4550000","CDFI2260042018000001","2018-08-20","","03","폐업","03","폐업","2021-10-26","","","","070-7702-8408","","","충청남도 금산군 추부면 추정리 271-4 (주)리켐","충청남도 금산군 추부면 금산로 2423-16 (주)리켐","32715","리켐주식회사","2022-01-21 09:36:37","U","2022-01-23 02:40:00","","242257.93564995","297831.620534648","종합여행업","","","2","","","","","0","0","0","0","","","0","0","","0","0","","0","400.33","","0","","","","","","","0","","","","400","",
"77","종합여행업","03_12_03_P","4550000","CDFI2260042023000002","2023-05-08","","01","영업/정상","13","영업중","","","","","041-754-7770","","","충청남도 금산군 진산면 읍내리 202-2","충청남도 금산군 진산면 대둔산로 371","32704","금산시티투어 협동조합","2023-05-08 14:11:31","I","2023-05-10 00:19:55","","233119.277392407","293542.938051443","종합여행업","","","0","","","","단독주택","0","0","0","0","","","0","0","","0","0","","0","0","","0","","","","","","","50000000","","","","0","",
"78","종합여행업","03_12_03_P","4550000","CDFI2260042023000001","2023-04-11","","01","영업/정상","13","영업중","","","","","","","","충청남도 금산군 추부면 서대리 23-3","충청남도 금산군 추부면 서대동기길 81-14","32710","(주)인성리더쉽","2023-04-11 10:05:36","I","2023-04-13 00:20:18","","247139.102184261","302204.12512068","종합여행업","","","0","","","","","0","0","0","0","","","0","0","","0","0","","0","0","","0","","","","","","","50000000","","","","0","",
"79","종합여행업","03_12_03_P","4570000","CDFI2260042013000001","2013-03-12","","01","영업/정상","13","영업중","","","","","041-835-0105","","","충청남도 부여군 부여읍 동남리 710-2번지","충청남도 부여군 부여읍 사비로 57","33153","동우관광 주식회사","2020-05-07 09:11:50","U","2020-05-09 02:40:00","","191866.63460268","308560.189310873","종합여행업","","일반상업지역","1","","","","사무실","1","1","0","0","","","0","0","","0","0","","0","191.05","","0","","","","","","","400000000","","","","191","",
"80","종합여행업","03_12_03_P","4570000","CDFI2260042014000001","2014-05-18","","01","영업/정상","13","영업중","","","","","","","323-805","충청남도 부여군 부여읍 구아리 327-7번지","충청남도 부여군 부여읍 부여로 12-1","33145","(주)글로벌여행사","2014-05-18 10:51:26","I","2018-08-31 23:59:59","","191864.205544586","308952.9007263","종합여행업","","상업지역","3","","","","사무실","3","0","0","0","","","0","0","","0","0","","0","18","","0","","","","","","","200000000","","","","18","",
"81","종합여행업","03_12_03_P","4570000","CDFI2260042018000001","2018-04-06","","01","영업/정상","13","영업중","","","","","","","","충청남도 부여군 부여읍 구교리 399번지","충청남도 부여군 부여읍 성왕로 169, 1동 1층","33141","스페셜여행사","2018-04-06 13:09:09","I","2018-08-31 23:59:59","","191607.38718993","308858.771111204","종합여행업","","","0","","","","","0","0","0","0","","","0","0","","0","0","","0","0","","0","","","","","","","100677696","","","","0","",
"82","종합여행업","03_12_03_P","4570000","CDFI2260042022000001","2022-04-04","","01","영업/정상","13","영업중","","","","","041-836-7767","","","충청남도 부여군 부여읍 정동리 1027-1","충청남도 부여군 부여읍 월함로 277","33127","부여관광문화학교협동조합","2022-04-04 11:31:32","I","2022-04-07 00:22:34","","194301.140671724","311483.584975296","종합여행업","","","0","","","","","0","0","0","0","","","0","0","","0","0","","0","330.5","","0","","","","","","","50000000","","","","331","",
"83","종합여행업","03_12_03_P","4570000","CDFI2260042023000001","2023-04-27","","01","영업/정상","13","영업중","","","","","041-837-8809","","","충청남도 부여군 부여읍 구아리 432","충청남도 부여군 부여읍 성왕로173번길 12, 2층 A4호","33141","(주)스카이배너","2023-04-27 15:34:33","I","2023-04-29 00:20:04","","191573.890696115","309015.641154794","종합여행업","","상업지역","2","기타","","","시장(재래시장)","2","0","0","0","","","0","0","","0","0","","0","44","","0","","","","","","","50000000","","","","44","",
"84","종합여행업","03_12_03_P","4570000","CDFI2260042018000002","2018-08-23","","01","영업/정상","13","영업중","","","","","0418330099","","","충청남도 부여군 부여읍 왕포리 37-1","충청남도 부여군 부여읍 왕중로 58","33164","라라투어영농조합법인","2022-08-17 14:53:09","U","2022-08-19 02:40:00","","192814.052446342","307351.061281671","종합여행업","","","0","","","","","0","0","0","0","","","0","0","","0","0","","0","40.6","","0","","","","","","","100000000","","","","41","",
"85","종합여행업","03_12_03_P","4580000","CDFI2260042022000001","2022-08-01","","01","영업/정상","13","영업중","","","","","041-956-4270","","","충청남도 서천군 장항읍 신창리 149-18","충청남도 서천군 장항읍 장항로 148-1, 2층","33669","지구촌여행사","2022-08-01 09:57:43","I","2022-08-03 00:22:29","","172338.798065723","279016.516748616","종합여행업","","","0","","","","","0","0","0","0","","","0","0","","0","0","","0","0","","0","","","","","","","50000000","","","","0","",
"86","종합여행업","03_12_03_P","4580000","CDFI2260042019000001","2019-01-02","","01","영업/정상","13","영업중","","","","","","","","충청남도 서천군 마서면 덕암리 243-4번지 신우서비스","충청남도 서천군 마서면 장서로 425, 신우서비스 1층","33655","통일해외관광(주)","2019-01-07 14:08:11","U","2019-01-09 02:40:00","","173341.105490117","282141.91211916","종합여행업","","주거지역","1","기타","","","근린생활시설","1","0","0","0","","","0","0","","0","0","","0","63","","0","","","","","","","236382608","","","","63","",
"87","종합여행업","03_12_03_P","4600000","CDFI2260042017000001","2017-11-14","","02","휴업","02","휴업","","2022-11-07","2023-11-06","","","","","충청남도 홍성군 홍성읍 월산리 838-5","충청남도 홍성군 홍성읍 월산로 48, 1층","32226","주식회사 대중투어","2022-11-08 08:45:06","U","2022-11-10 02:40:00","","168410.039312077","344192.039097223","종합여행업","","","1","","","","","1","0","0","0","","","0","0","","0","0","","0","49.58","","0","","","","","","","100000000","","","","50","",
"88","종합여행업","03_12_03_P","4600000","CDFI2260042021000001","2013-08-05","","03","폐업","03","폐업","2021-08-31","","","","","","","충청남도 홍성군 홍성읍 대교리 666","충청남도 홍성군 홍성읍 의사로72번길 26, 1층","32219","(주)콤파스프리","2021-09-02 10:52:27","U","2021-09-04 02:40:00","","170777.28255631","344708.990741771","종합여행업","","","0","","","서울보증보험주식회사","","0","0","0","0","COMPASSFREE Co., Ltd.","GENERAL TRAVEL BUSINESS","0","0","","0","0","","0","0","","0","","","","","","","200000000","20200813","20210812","","0","",
"89","종합여행업","03_12_03_P","4600000","CDFI2260042013000001","2013-03-07","","01","영업/정상","13","영업중","","","","","","","350-831","충청남도 홍성군 홍북읍 신경리 745번지","충청남도 홍성군 홍북면 애향4길 22, 2층 201호","350-831","(주)중부그린여행사","2016-01-08 09:44:11","I","2018-08-31 23:59:59","","171757.643857691","350826.771023201","종합여행업","","","0","","","서울보증보험주식회사","","0","0","0","0","Namdo Green Care World Co. Ltd.","","0","0","","0","0","","0","0","","0","","","","","","","0","20150422","20160421","","0","",
"90","종합여행업","03_12_03_P","4600000","CDFI2260042023000002","2023-04-03","","01","영업/정상","13","영업중","","","","","","","","충청남도 홍성군 홍북읍 신경리 897 국제아르페온2차","충청남도 홍성군 홍북읍 충남대로 50, 국제아르페온2차 208-10호","32263","글로카크리에이트","2023-04-20 10:16:15","I","2023-04-21 00:20:20","","170996.859123806","350567.652985686","종합여행업","","","0","","","한국여행업협회","","0","0","0","0","","","0","0","","0","0","","0","0","","0","","","","","","","50000000","20230403","20240402","","0","",
"91","종합여행업","03_12_03_P","4600000","CDFI2260042023000003","2023-04-20","","01","영업/정상","13","영업중","","","","","","","","충청남도 홍성군 홍북읍 신경리 897 국제아르페온2차 208-8호","충청남도 홍성군 홍북읍 충남대로 50, 국제아르페온2차","32263","유성기획","2023-12-04 14:16:53","U","2023-12-06 02:40:00","","170996.859123806","350567.652985686","종합여행업","","","0","","","서울보증보험","","0","0","0","0","","","0","0","","0","0","","0","0","","0","","","","","","","0","20230420","20240419","","0","",
"92","종합여행업","03_12_03_P","4600000","CDFI2260042018000001","2018-07-26","","01","영업/정상","13","영업중","","","","","","","","충청남도 홍성군 홍북읍 신경리 1370 한울마을 모아엘가 아파트 119동 201호","충청남도 홍성군 홍북읍 홍학로 88 (한울마을 모아엘가 아파트)","32271","여행봉다리","2023-11-28 11:36:20","U","2023-11-30 02:40:00","","170790.71867981","349486.83844868","종합여행업","","","1","","","서울보증보험","","1","0","0","0","","","0","0","","0","0","","0","400","","0","","","","","","","100000000","20230113","20240112","","400","",
"93","종합여행업","03_12_03_P","4600000","CDFI2260042023000004","2018-01-30","","01","영업/정상","13","영업중","","","","","","","","충청남도 홍성군 홍성읍 대교리 526","충청남도 홍성군 홍성읍 홍성천길 314","32221","내포여행사","2024-06-13 11:14:30","U","2024-06-15 02:40:00","","170456.809633491","344804.440582651","종합여행업","","","0","","","한국관광협회중앙회 관광공제회","","0","0","0","0","","","0","0","","0","0","","0","0","","0","","","","","","","30000000","20190802","20200802","","0","",
"94","종합여행업","03_12_03_P","4610000","CDFI2260042013000001","2013-01-10","","03","폐업","03","폐업","2017-02-16","","","","041-335-0079","","340-809","충청남도 예산군 예산읍 주교리 138-5번지","충청남도 예산군 예산읍 예산로 65","340-809","하나관광(합)","2017-02-17 16:47:34","I","2018-08-31 23:59:59","","185030.412093623","353381.217487077","종합여행업","","","0","","","","","0","0","0","0","","","0","0","","0","0","","0","0","","0","","","","","","","500000000","","","","0","",
"95","종합여행업","03_12_03_P","4610000","CDFI2260042017000001","2017-01-02","","03","폐업","03","폐업","2020-06-22","","","","041-337-0005","","","충청남도 예산군 삽교읍 두리 803-226번지","충청남도 예산군 삽교읍 삽교로 73","32414","주식회사 역사문화여행","2020-06-22 15:14:11","U","2020-06-24 02:40:00","","176419.135994208","353931.99282355","종합여행업","","상업지역","1","기타","","서울보증보험주식회사","근린생활시설","1","0","0","0","","","0","0","","0","0","","0","293","","0","","","","","","","100000000","20190103","20200102","","293","",
"96","종합여행업","03_12_03_P","4610000","CDFI2260042017000002","2017-12-29","","03","폐업","03","폐업","2020-05-19","","","","","","","충청남도 예산군 삽교읍 신가리 283-26번지","충청남도 예산군 삽교읍 삽교로 82","32414","(주)와이에이코리아","2020-05-20 09:58:17","U","2020-05-22 02:40:00","","176488.046993178","353895.266581636","종합여행업","","상업지역","1","","","","근린생활시설","1","0","0","0","","","0","0","","0","0","","0","23.07","","0","","","","","","","100000000","","","","23","",
"97","종합여행업","03_12_03_P","4610000","CDFI2260042021000001","2021-09-28","","01","영업/정상","13","영업중","","","","","","","","충청남도 예산군 예산읍 주교리 214-12","충청남도 예산군 예산읍 아리랑로 16-1, 2층","32431","가치기획","2021-09-28 16:52:29","I","2021-09-30 00:23:02","","","","종합여행업","","일반상업지역","0","","","","근린생활시설","2","1","0","0","","","0","0","","0","0","","0","89","","0","","","","","","","129178952","","","","89","",
"98","종합여행업","03_12_03_P","4610000","CDFI2260042018000001","2018-11-28","","01","영업/정상","13","영업중","","","","","07041227881","","","충청남도 예산군 예산읍 관작리 333-13번지","충청남도 예산군 예산읍 신례원로 14, 연암프라자","32423","주식회사 조그마한","2020-06-23 16:14:46","U","2020-06-25 02:40:00","","185006.986806739","356876.991840254","종합여행업","","근린상업지역","1","","","서울보증보험주식회사","","0","0","0","0","","","0","0","","0","0","","0","54.5","","0","","","","","","","100000000","20191206","20201205","","55","",
"99","종합여행업","03_12_03_P","4620000","CDFI2260042022000001","2022-05-27","","03","폐업","03","폐업","2022-09-23","","","","","","","충청남도 태안군 태안읍 남문리 702-14","충청남도 태안군 태안읍 군청7길 33, 102호","32144","투어712","2022-09-23 13:28:56","U","2022-09-25 02:40:00","","137733.441767018","360842.617238554","종합여행업","","","0","","","","","0","0","0","0","","","0","0","","0","0","","0","0","","0","","","","","","","0","","","","0","",
"100","종합여행업","03_12_03_P","4620000","CDFI2260042017000001","2017-12-15","","01","영업/정상","13","영업중","","","","","","","","충청남도 태안군 태안읍 동문리 523-9번지","충청남도 태안군 태안읍 중앙로 74","32143","미스텀 투어","2017-12-18 14:48:27","I","2018-08-31 23:59:59","","137169.296646566","361611.448446283","종합여행업","","일반상업지역","1","기타","","","근린생활시설","1","0","0","0","","","0","0","","0","0","","0","85.11","","0","","","","","","","100110016","","","","85","",
"101","종합여행업","03_12_03_P","4620000","CDFI2260042018000001","2018-06-18","","01","영업/정상","13","영업중","","","","","004106756886","","","충청남도 태안군 태안읍 남문리 715-11","충청남도 태안군 태안읍 군청8길 21-10","32144","바닐라레저앤마케팅(주)","2021-06-24 09:01:18","U","2021-06-26 02:40:00","","137422.778951108","360758.144859538","종합여행업","","일반주거지역","3","주택가주변","","","근린생활시설","2","0","0","0","","","0","0","","0","0","","0","66","","0","","","","","","","100000000","","","","66","",
"102","종합여행업","03_12_03_P","4620000","CDFI2260042017000002","2017-03-29","","01","영업/정상","13","영업중","","","","","","","","충청남도 태안군 태안읍 동문리 275-5","충청남도 태안군 태안읍 동백로 271, 2층","32143","교민여행사","2022-03-29 09:00:56","I","2022-03-30 00:22:34","","137456.907812769","361191.595715084","종합여행업","","","0","","","","","0","0","0","0","","","0","0","","0","0","","0","0","","0","","","","","","","0","","","","0","",
"103","종합여행업","03_12_03_P","4620000","CDFI2260042022000004","2022-09-02","","01","영업/정상","13","영업중","","","","","","","","충청남도 태안군 태안읍 남문리 695-3","충청남도 태안군 태안읍 군청로 7","32144","클락풀빌라연합","2022-09-02 15:30:14","I","2022-09-04 00:22:26","","137327.338757768","360831.813269568","종합여행업","","","0","","","","","0","0","0","0","","","0","0","","0","0","","0","0","","0","","","","","","","0","","","","0","",
"104","종합여행업","03_12_03_P","4620000","CDFI2260042022000003","2022-07-08","","01","영업/정상","13","영업중","","","","","041-675-1009","","","충청남도 태안군 태안읍 남문리 703-2","충청남도 태안군 태안읍 군청로 24, 2층","32144","주식회사 엘케이","2022-07-08 16:52:05","I","2022-07-12 00:22:29","","137432.497184297","360951.037671846","종합여행업","","","0","","","","","0","0","0","0","","","0","0","","0","0","","0","0","","0","","","","","","","0","","","","0","",
"105","종합여행업","03_12_03_P","4620000","CDFI2260042022000002","2022-06-28","","01","영업/정상","13","영업중","","","","","","","","충청남도 태안군 남면 신온리 833-246","충청남도 태안군 남면 곰섬로 236-49, 2층","32158","지역발전네트워크협동조합","2022-08-05 17:45:20","U","2022-08-07 02:40:00","","136707.410805739","343962.090593234","종합여행업","","","0","","","","","0","0","0","0","","","0","0","","0","0","","0","0","","0","","","","","","","0","","","","0","",
"106","종합여행업","03_12_03_P","5580000","CDFI2260042018000002","2018-05-16","","01","영업/정상","13","영업중","","","","","042-841-1916","","","충청남도 계룡시 신도안면 남선리 1272","충청남도 계룡시 신도안면 신도안1길 61, 계룡대문화센터 1층","32801","주식회사 해피투어","2022-02-07 17:07:07","U","2022-02-09 02:40:00","","221934.456107308","310705.07207623","종합여행업","","","0","","","","","0","0","0","0","","","0","0","","0","0","","0","0","","0","","","","","","","30000000","","","","0","",
"107","종합여행업","03_12_03_P","5580000","CDFI2260042019000001","2013-10-08","","01","영업/정상","13","영업중","","","","","","","","충청남도 계룡시 두마면 두계리 56-1","충청남도 계룡시 두마면 팥거리로 169, 108호","32837","코리아나항공여행사","2024-07-16 10:08:30","U","2024-07-18 02:40:00","","224349.35894909","307644.660767892","종합여행업","","","0","","","서울보증보험","","0","0","0","0","","","0","0","","0","0","","0","66","","0","","","","","","","200000000","20230228","20240227","","66","",
"108","종합여행업","03_12_03_P","5580000","CDFI2260042022000001","2022-08-31","","01","영업/정상","13","영업중","","","","","042-551-3111","","","충청남도 계룡시 엄사면 엄사리 587 계룡파라디아","충청남도 계룡시 엄사면 번영로 113-32, 계룡파라디아 상가동 201호 (계룡파라디아)","32819","주식회사 씨피엔문화유산","2023-11-15 14:36:11","U","2023-11-17 02:40:00","","220764.98458608","309347.8454784","종합여행업","","","0","","","SGI서울보증","","0","0","0","0","","","0","0","","0","0","","0","0","","0","","","","","","","400000000","20230913","20240912","","0","",
"109","종합여행업","03_12_03_P","5580000","CDFI2260042017000001","2017-01-13","2020-12-15","04","취소/말소/만료/정지/중지","31","등록취소","","","","","070 7613 8899","","","충청남도 계룡시 금암동 146-9","충청남도 계룡시 서금암3길 5, 8층 809호 (금암동, 쉐리움)","32826","(주)위더스","2020-12-15 17:56:57","U","2020-12-17 02:40:00","","222855.790714442","307932.893189157","종합여행업","","","0","","","","","0","0","0","0","","","0","0","","0","0","","0","0","","0","","","","","","","100000000","","","","0","",
"110","종합여행업","03_12_03_P","5680000","CDFI2260042023000001","2023-08-11","","01","영업/정상","13","영업중","","","","","","","","충청남도 당진시 읍내동 166-16 운동화빨래터","충청남도 당진시 교동길 128, 운동화빨래터 (읍내동)","31777","성신여행사","2023-08-11 15:34:53","I","2023-08-13 00:18:33","","167029.854902354","376772.84993253","종합여행업","","준주거지역","1","","","","단독주택","1","0","0","0","","","0","0","","0","0","","0","30","","0","","","","","","","99006072","","","","30","",
"111","종합여행업","03_12_03_P","5680000","CDFI2260042020000001","2010-07-09","","01","영업/정상","13","영업중","","","","","041-358-0223","","","충청남도 당진시 수청동 1017 DS빌딩 402호","충청남도 당진시 시청2로 6-32, DS빌딩 402호 (수청동)","31774","(주) 해나루 명작세계여행","2024-04-01 14:13:30","U","2024-04-03 02:40:00","","168172.256173149","376477.250271577","종합여행업","","","0","","","서울보증보험","","0","0","0","0","","","0","0","","0","0","","0","0","","0","","","","","","","300000000","20190706","20200705","","0","",
"112","종합여행업","03_12_03_P","5680000","CDFI2260042022000002","2022-06-08","","01","영업/정상","13","영업중","","","","","","","","충청남도 당진시 송악읍 고대리 45-44 우성주택","충청남도 당진시 송악읍 정곡로 614-6, 1층","31725","스타일투어(style tour)","2022-06-09 15:30:18","I","2022-06-11 00:22:30","","177381.658684974","385880.445250089","종합여행업","","","0","","","서울보증보험주식회사","","0","0","0","0","","","0","0","","0","0","","0","0","","0","","","","","","","50000000","20220608","20230607","","0","",
"113","종합여행업","03_12_03_P","5680000","CDFI2260042022000001","2022-06-08","","01","영업/정상","13","영업중","","","","","041-363-6565","","","충청남도 당진시 합덕읍 운산리 322-39","충청남도 당진시 합덕읍 버그내2길 88","31812","하나원투어","2022-06-08 09:14:44","I","2022-06-10 00:22:45","","179405.318502922","367392.94950899","종합여행업","","","0","","","","","0","0","0","0","","","0","0","","0","0","","0","0","","0","","","","","","","50000000","","","","0","",
